{
  "style": {
    "task": "WikiArt style classification",
    "train_examples": 3599,
    "test_examples": 900,
    "classes": 26,
    "accuracy": 0.4222222222222222,
    "macro_f1": 0.3899756059236427,
    "weighted_f1": 0.4212459991241062
  },
  "genre": {
    "task": "Heuristic genre classification",
    "train_examples": 1496,
    "test_examples": 375,
    "classes": 9,
    "accuracy": 0.5466666666666666,
    "macro_f1": 0.43950878898691603,
    "weighted_f1": 0.549882458739486
  }
}