inlier_threshold,tp,fp,tn,fn,precision,recall,f1,false_positive_rate
10,320,2,318,0,0.9937888198757764,1.0,0.9968847352024921,0.00625
20,319,1,319,1,0.996875,0.996875,0.996875,0.003125
30,319,1,319,1,0.996875,0.996875,0.996875,0.003125
35,319,1,319,1,0.996875,0.996875,0.996875,0.003125
40,319,1,319,1,0.996875,0.996875,0.996875,0.003125
50,318,1,319,2,0.9968652037617555,0.99375,0.9953051643192489,0.003125
65,317,1,319,3,0.9968553459119497,0.990625,0.9937304075235109,0.003125
